Неделя (дата weekly),Блок,Направление,Новость / результат,Цифра или факт,Что дальше,Кто,В отчёт CEO,Комментарий,,Строк «Да» на неделю:,12
22.09.2026,Трафик и маркетинг,Страхование в целом,"Трафик не просел, есть буст в имуществе. По ОСАГО рост незначительный, несмотря на активную рекламную кампанию.",ОСАГО ≈ +2% за неделю,Рекламная кампания заканчивается на этой неделе — подвести итоги по каналам.,Рева Тарас,Да
22.09.2026,Риски и решения,КАСКО,Нет корреляции между рекламной кампанией и трафиком КАСКО: клиент не ассоциирует Сравни с покупкой КАСКО. Контекст по КАСКО отключён и не восстановлен.,,Восстановить контекст по КАСКО; наружную рекламу никто из команды не видел — эффективность под вопросом.,Фатьянов Евгений,Да
22.09.2026,Трафик и маркетинг,Депозиты и инвестиции,"Вклады: месяц оптимизируем SEO — доля в Google выросла, впервые за 8 месяцев обогнали Банки.ру. Контекст запущен 14.09, ещё месяц на настройку сегментов.",+2 п.п. в Google,Замеряем целевые действия от нового трафика; CRM-продление вкладов — с начала октября.,Чейченец Евгений,Да
22.09.2026,Цифры и прогноз,Депозиты и инвестиции,"Запущена контекстная реклама (впервые за полгода), оптимизировано SEO. Найдены три точки роста в CRM: нет цепочек продления, нет email-рассылок, нет сбора лидов.",Цель по выручке 250–270 при прогнозе 220,Сбор контактов + авторизация до конца недели; CRM-цепочки и email — следом.,Чейченец Евгений,Да
22.09.2026,Продукт и CJM,ОСАГО,"Завершён AB-тест сбора согласия на рекламу при авторизации. Запускается «нулевая выдача»: система сама исправляет ошибки клиента, а не подсвечивает их.",,Результаты теста — на следующей weekly; досбор согласия внутри flow — до конца месяца.,Рева Тарас,Да
22.09.2026,Продукт и CJM,"RED (ДВС, ипотека, ВЗР, ИФЛ)",Ипотечное страхование: на этой неделе выходит продукт Т-Банка.,,,Логинова Светлана,Да
22.09.2026,Продукт и CJM,КАСКО,КАСКО по подписке: реализуются рекуррентные платежи со СК «Пари».,,,Фатьянов Евгений,Нет
22.09.2026,Продукт и CJM,"RED (ДВС, ипотека, ВЗР, ИФЛ)","БПЛА: получен продукт от Евроинс, продаётся только в связке с мини-КАСКО (условие партнёра). Продажи через агентскую площадку и Lapse.",,,Логинова Светлана,Нет
22.09.2026,Продукт и CJM,"RED (ДВС, ипотека, ВЗР, ИФЛ)",ИФЛ: прорабатывается оценка недвижимости через API Оценка.РФ и вход через застройщиков с сертификатами ИФЛ с отсроченной активацией.,В LRF со 2-го полугодия,,Логинова Светлана,Нет
22.09.2026,Продукт и CJM,Страхование в целом,Витрина переписывается до конца месяца. P&L переделывается с командой Рудневой и Даши.,P&L — до середины октября,,Рева Тарас,Нет
22.09.2026,Партнёры и СК,Партнёрка,Annex (агентская площадка): интеграция завершается на этой неделе.,"План: 300–500 полисов в октябре, 3 000/мес с начала 2027",,Сахибуллина Алсу,Да
22.09.2026,Партнёры и СК,Партнёрка,МФЦ: подключены ещё 2 региона.,Итого 30 регионов,,Сахибуллина Алсу,Да
22.09.2026,Партнёры и СК,Партнёрка,Ключевые партнёры исполняют договорённости по объёмам в сентябре. Доля Admitad выросла — временно.,Admitad 60% → 80%,Выстроить системный антифрод с Admitad; сейчас реакция только на сигналы.,Сахибуллина Алсу,Да
22.09.2026,Партнёры и СК,КАСКО,"ВСК: продажи выросли с июля за счёт перетока клиентов из Т-Банка, но улучшенных условий взамен не получено.",+50% с июля,"Идти в ВСК за скидками, спецтарифами, лимитами.",Фатьянов Евгений,Да
22.09.2026,Партнёры и СК,КАСКО,Финист: по КАСКО падение; положительная динамика по лидам и расчётам ожидается только с октября.,,,Фатьянов Евгений,Нет
22.09.2026,Риски и решения,Партнёрка,"Стратегическая задача на 2027: активно привлекать новых партнёров, а не только растить долю в текущих — иначе нет запаса прочности. Нужен мониторинг комиссий конкурентов (InSmart, Pampadu, Finist).",,Еженедельная динамика новых партнёров на weekly.,Сахибуллина Алсу,Да
22.09.2026,Команда и процессы,Страхование в целом,"Телемаркетинг: три направления — сложные продукты (КАСКО, имущество), масштабирование ипотеки, пролонгация ОСАГО и ипотеки. НСЖ и депозиты — приоритет. По ОСАГО экономика телемаркетинга нецелесообразна, только лояльность.",,Кросс-продукты КАСКО (коробка «Угон + Тоталь» 5–10 тыс.) для телемаркетинга.,Фатьянов Евгений,Нет
22.09.2026,Риски и решения,Департамент,"Бюджет 2027: критическая задержка — первая версия должна была быть готова 22.09, команда не готова. Гипотезы КАСКО без проверки в бюджет не закладываем; средства на тесты — в DirectMargin по страхованию в целом.",,Финальная версия — 22.09; партнёрка по всем продуктам — 23.09 утром.,Головкин Владислав,Да
22.09.2026,Команда и процессы,Департамент,Новый формат weekly: еженедельный прогноз месяца с объяснением отклонений от предыдущего прогноза. Живём в двух измерениях: бюджет (утверждается в октябре–ноябре) и LRF (пересмотр ежеквартально).,,Цели Q4 в бордах лидера — до четверга 25.09.,Все лидеры,Нет
22.09.2026,Цифры и прогноз,КАСКО,"Прогноз сентября: выручка ниже бюджета — Ренессанс перелил лидген-трафик другим партнёрам по пониженной цене. Promo margin в бюджете за счёт отключённого контекста, direct margin выше бюджета.","Выручка 12,7 vs 14,4 млн (−12%); DM 7,0 vs 6,0",В октябре возврат на прежние показатели — партнёры закончат тест «нового» трафика.,Фатьянов Евгений,Да,"Пост в мессенджере, неделя 14–20.09"
22.09.2026,Цифры и прогноз,Депозиты и инвестиции,"Прогноз сентября: выручка сильно ниже бюджета. Promo margin 13 (83%) vs 18 (66%), direct margin 6 (41%) vs 8 (30%).","Выручка 15,2 vs 26,6 млн (−43%)","SEO +11,9% трафика, контекст с 14.09, CRM-продление в октябре; Ozon Банк — ДС подписано; Локо-Банк — тест (апсейл 600 тыс. → 1 млн/мес).",Чейченец Евгений,Да,"Пост в мессенджере, неделя 14–20.09"
22.09.2026,Цифры и прогноз,"RED (ДВС, ипотека, ВЗР, ИФЛ)",Идём в плане. Два рекорда продаж за неделю.,"СИ 1 565 полисов/день, ИФЛ 131/день",,Логинова Светлана,Да,"Пост в мессенджере, неделя 14–20.09"
22.09.2026,Цифры и прогноз,Партнёрка,"Сентябрь, ОСАГО: партнёрский кабинет идёт выше плана; агентский кабинет — Лабс в плане, API-агент отстаёт (Инсмарт: КВ скорректирован с 21.09; Росстрах — та же проблема, встреча на след. неделе).",ПК RR 121 074 / план 114 113 (+6%); Лабс +4%; API-агент −13%,В октябре выйти на план по агентскому кабинету.,Сахибуллина Алсу,Да,"Пост в мессенджере, неделя 14–20.09"
22.09.2026,Партнёры и СК,Партнёрка,"Ингосстрах: встреча проведена, в октябре пилот — около 10 000 клиентов направят к нам на сайт за пролонгацией за 2 месяца. Admitad: скорректировали мотивацию.",Admitad: 6 500–7 000 продаж,,Сахибуллина Алсу,Да
22.09.2026,Партнёры и СК,"RED (ДВС, ипотека, ВЗР, ИФЛ)","ВТБ обязал СК поднять тарифы в 2 раза и сделал едиными; РЕСО, Югория, МАКС договорились индивидуально — их полисы дешевле в 2–3 раза. Продление ВТБ не упало — переток в РЕСО, Югорию, РГС; с РГС отдельная учётка на пролонгацию Сравни.",55% b2c у трёх СК; продление 47%,ДС с СКБС на 9 млн авансом в согласовании; аналитика сборов 2027 → предложения по ретро-бонусам.,Логинова Светлана,Да
22.09.2026,Продукт и CJM,ОСАГО,"Web2App: доля клиентов, установивших приложение в 30 дней после покупки ОСАГО, выросла за 12 недель — одна механика, SMS после покупки.","8,6% → 12,5% (+45%)","Цель ≥15% через подарочные НС на базу продления (кампания с 08.09, цифры в конце сентября).",Рева Тарас,Да,График во вложении к деталям
22.09.2026,Продукт и CJM,ОСАГО,Редизайн страницы заказа в Web: статистически значимый рост конверсии заказ→покупка.,"+0,8 п.п.; при раскатке +2 490 продаж и +2,4 млн/мес",Раскатка на 100% трафика Web.,Рева Тарас,Да,https://www.figma.com/design/wBDQ5PSIuXgrjE9zb1FXuP/
22.09.2026,Партнёры и СК,ОСАГО,"Т-Банк переехал на полное API по ОСАГО: выросла сквозная конверсия, экономим до 400 тыс./мес на SMS по брошенным заказам.","CR расчёт→продажа +1,97 п.п.","Q4 — добровольные кроссы в API Т-Банка. Озон: 10 СК на UI, +3 переданы.",Рева Тарас,Да,https://docs.google.com/document/d/1Hl-Pcv4wGsalT5F7z2M5ZeqKw_f8WK6T5i1RPXTUxJM/edit
22.09.2026,Продукт и CJM,ОСАГО,CRM по уходящему продлению Альфы: каскадная цепочка удерживает продажи нашего портфеля.,"400 продаж/нед, TR 14%",Собрать результаты коробочно и предложить инструмент другим СК.,Рева Тарас,Нет,https://docs.google.com/spreadsheets/d/1GtKeZQuX8YBngSAaebRXiQ7FZzd9QHjZfwNOuIEZO3o/edit?gid=1652901384#gid=1652901384
22.09.2026,Продукт и CJM,ОСАГО,"Аналитика: единая методология баз (от клиента, а не от авто) согласована с финансами; дашборд коммуникаций СК с нашим продлением — на встрече с ВСК уже подсветили рекорд их коммуникаций; ML-модель «второй продукт» подключаем к MindBox.",,Первая CRM-кампания по модели — до конца сентября.,Рева Тарас,Нет,https://datalens.ru/yxgtc5uxh1bqh-osago-kommunikaciya-sk
22.09.2026,Продукт и CJM,"RED (ДВС, ипотека, ВЗР, ИФЛ)","Кросс ИФЛ к страхованию ипотеки единым чеком (АБ в Web): высокое проникновение, 200 полисов за 1,5 недели на половине трафика.","Проникновение 9,6%; ожидание +700 полисов и +0,6 млн/мес","Вторая итерация — кросс на других шагах воронки. Т-Банк: API по СИ в их App до конца сентября, мы единственный брокер.",Рева Тарас,Да,https://www.figma.com/design/wJiEpDOwqpDGdvNVkzJXEv/
22.09.2026,Продукт и CJM,"RED (ДВС, ипотека, ВЗР, ИФЛ)",ИФЛ: риск «защита от БПЛА» в конструкторе — первые продажи.,"60 полисов за неделю, 4,5% проникновения",Отдельный продукт БПЛА для кросса по базе через CRM.,Логинова Светлана,Нет
22.09.2026,Трафик и маркетинг,ОСАГО,"Рекламная кампания 24.08–27.09 (ТВ, медийка, наружка): промежуточные цифры.",Brand +6 п.п.; +70 тыс. трафика; +55 тыс. расчётов; +10 тыс. продаж,Итоги по всем метрикам после 27.09. SEO-доля в спросе по ОСАГО ~30% — рекорд; Банки.ру растут — риск 2027.,Рева Тарас,Да,https://disk.360.yandex.ru/d/9_ckJQgQTC1x5A
22.09.2026,Риски и решения,"RED (ДВС, ипотека, ВЗР, ИФЛ)","ВЗР: у Черехапы средний чек заметно выше нашего, они жёстко держат минимальный тариф СК. Берём в Q4 рост минимального чека.",Чек Черехапы 2 600 руб.,1) разница тарифов с Черехапой и СК; 2) эксперимент по росту тарифа и конверсии; 3) инструмент скидки/надбавки от СК.,Логинова Светлана,Нет
29.09.2026,Цифры и прогноз,Депозиты и инвестиции,"Трафик растёт вторую неделю подряд: SEO +7%, директ +50% после запуска контекста на полную. В лиды конвертируется слабее, чем растёт трафик, но прирост лидов есть. С октября органический спрос обычно растёт.","SEO +7%, директ +50% н/н","Разобраться, откуда рост директа; сверить uplift по банкам (два банка стали открывать больше вкладов). CRM-цепочка продления вкладов запущена.",Чейченец Евгений,Да
29.09.2026,Цифры и прогноз,ОСАГО,"Трафик без изменений, продажи упали. Причины: отключили СОГАЗ (минус 3-4 тыс. полисов в неделю), у Альфы баг цены (на расчёте ~2 500, на заказе ~3 500) и просел approve rate. Баг Альфы закрыли 29.09, полный эффект увидим на неделе 30.09-04.10.","Продажи −13% шт., −10% руб. н/н",Добавить approve rate по всем СК в отчёты; отчёт по ошибкам СК с маппингом закрытых сегментов.,Рева Тарас,Да
29.09.2026,Риски и решения,ОСАГО,"Второй баг подряд на пути заказ → оплата замечен с лагом в дни (две недели назад Сбер, теперь Альфа). Контроля этого участка нет.",,Алерты и контроль на шаге заказ → оплата.,Рева Тарас,Да
29.09.2026,Продукт и CJM,ОСАГО,"Запущен AB-тест персональных рекомендаций при нулевой выдаче: видим ошибку анкеты, исправляем и пересчитываем. Досбор согласий на рекламу внутри flow запускаем до конца недели.","AB ~1,5 недели",,Рева Тарас,Да
29.09.2026,Цифры и прогноз,"RED (ДВС, ипотека, ВЗР, ИФЛ)","Ипотека: трафик вырос (в вебе), продажи упали по всем каналам. Рост пришёлся на изменения Сбера с 01.09. ИФЛ: трафик −7%, продажи выросли.",,Понять причину роста трафика без конверсии.,Логинова Светлана,Да
29.09.2026,Партнёры и СК,"RED (ДВС, ипотека, ВЗР, ИФЛ)","Кросс имущества к ипотеке работает: 10% клиентов берут ИФЛ, около 700 полисов в неделю. Это аргумент для переговоров с Альфой об улучшении условий (ретро-бонус). В Q4 кроссы появятся в приложении.",~700 полисов/нед,"Запустить переговоры с Альфой: не «поменяли на другую СК», а «пилот успешен, готовы масштабировать, что даёте взамен».",Логинова Светлана,Да
29.09.2026,Цифры и прогноз,КАСКО,"Контекст включён обратно на полную, трафик немного вырос. Договорились: любые изменения контекста впредь согласовывать заранее. СК не готовы покупать лиды по КАСКО до середины 2027, идём через брокеров.",,"Персональные рекомендации по КАСКО через бэк: AB-тест 1,5 недели.",Фатьянов Евгений,Да
29.09.2026,Партнёры и СК,Партнёрка,"Тинькофф: подключаем по ипотеке, главное событие недели. ADEX (брокер с агентской сетью, СК ASCO): интеграция завершена, идут тесты, старт продаж на этой неделе. ВСК: агенты подключены, сегмент выделен, партнёр доволен. Брокер (Самат): старт в октябре, платит за лиды дороже в зависимости от страховой суммы.","ADEX: 300-500 полисов/мес, до 3 000 в 2027",Короткий статус в деньгах от Алсу; направления партнёрки на 2-3 квартала к следующему weekly.,Сахибуллина Алсу,Да
29.09.2026,Партнёры и СК,Партнёрка,"Татарстан: за 9 месяцев 20 700 клиентов заполнили калькулятор и авторизовались, но не выбрали СК. Это горячая база для партнёра.",20 700 расчётов,Предложить партнёру расширение регионов и сегментацию лидов (золото / серебро / бронза) по нашей скоринговой модели.,Сахибуллина Алсу,Да
29.09.2026,Риски и решения,Партнёрка,"Убыточность по каналам (CPA, отказной трафик) не размечена. Риск: перелив клиентов от крупных СК в другие даёт убыточный портфель, и к нам придут с претензией.",,"Цель Q4 сверху вниз: убыточность от всех СК по каждому полису и каналу, партнёры на плюс и минус.",Все лидеры,Да
29.09.2026,Риски и решения,Департамент,"Фродовый трафик (cookie stuffing, Admitad и похожие) идёт и на ипотеке, и на имуществе. Платим за действие, поэтому пока не бьёт по бизнесу, но нужен контроль брендового трафика и ответственный за него.",,Поставить задачу Даше дополнить данные по трафику.,Мурадян Арам,Нет
29.09.2026,Продукт и CJM,"RED (ДВС, ипотека, ВЗР, ИФЛ)","Подписка ИФЛ (рекуррентные платежи): старт с Альфой, дальше список второй-третьей-четвёртой СК. Блокер: U-Money не сплитует платёж между двумя СК в одном чеке. Цены подписки на сайте СК, у Яндекса и у нас должны совпадать, у Альфы уже расхождение.",,Отдельный трек с U-Money: сплит платежа и кэшбэк при росте оборотов. Обсудить с Альфой цены.,Рева Тарас,Да
29.09.2026,Продукт и CJM,КАСКО,"Новые коробки от СК: мини-КАСКО без риска своей вины (20-23 тыс. руб., КВ 50%) проверить как отдельный тип продукта в выдаче. БПЛА (~4 тыс. руб., три СК) как самостоятельный продукт не запускаем, пробуем как кросс через лиды.",,,Фатьянов Евгений,Нет
29.09.2026,Продукт и CJM,"RED (ДВС, ипотека, ВЗР, ИФЛ)",Сервис оценки недвижимости для ипотечного ИФЛ: выходим к застройщикам (Q4).,,,Рева Тарас,Нет
29.09.2026,Команда и процессы,Департамент,"Отчётность: одна и та же информация лежит в нескольких местах, нужна ревизия и консолидация. По партнёрке нет недельной детализации в разрезе СК.",,"Тарас: недельный отчёт по партнёрке как по ОСАГО, total и по СК.",Рева Тарас,Нет
29.09.2026,Риски и решения,Департамент,"Бюджет 2027: собираем тезисы по вызовам рынка к защите. Главный риск по выручке в ипотеке - снижение комиссии банков: сборы по всем банкам в 2027 около 1,7-1,8 млрд руб. Материалы по вызовам от лидеров к 28.09 не пришли.",Ипотека: 1 п.п. комиссии банков · 15-18 млн руб.,"Все: вызовы, ответ на них и видение 2027 в один файл в общую группу. РГС: условия сохранения комиссии, прогрессивная шкала при выполнении плана.",Головкин Владислав,Да
29.09.2026,Команда и процессы,Департамент,Цели Q4 заполнены частично; формализуем после индивидуальных встреч с каждым лидером. В аналитику добавить цель по урегулированию.,,Индивидуальные встречи по целям на этой неделе.,Мурадян Арам,Нет
