№,Встреча,Ответственный,Задача,Что нужно сделать (коротко),Срок,Статус,Комментарий / следующий шаг,Статус просроченности
1,22.09.2026,Мурадян Арам,Отправить образец борда лидера для целей Q4,Разослать команде образец заполнения вкладки лидера (см. вкладку «Цели Q4  образец»).,23.09.2026,Выполнена,,Закрыта
2,22.09.2026,Все лидеры,Заполнить предложения по целям Q4 в бордах лидера,"Каждый лидер вносит цели на Q4 в свою вкладку по образцу. Обязательно: дебиторка, согласие на рекламу, доля APP.",25.09.2026,В работе,Срок с встречи  до четверга,Просрочена на 9 дн.
3,22.09.2026,Все лидеры,Финальная версия бюджета 2027,Сдать финальную версию бюджета. Обсуждение партнёрки по всем продуктам  23.09 утром.,05.10.2026,В работе,"02.10: финал модели в пятницу 02.10, материалы Паше до конца недели, защита 05.10 (2027 и 2028). 29.09: собираем тезисы по вызовам рынка к защите; в общую воронку бюджета идут изменения, финальную версию покажем, когда будет готова",В сроке
4,22.09.2026,Сахибуллина Алсу,Справка по «Альтернатива Брокерс» к встрече 23.09,"Краткая справка: кто партнёр, объёмы, статус отношений, что хотим от встречи.",23.09.2026,Выполнена,,Закрыта
5,22.09.2026,Рева Тарас,Поделиться ссылкой на дашборд DataLens SEO,Скинуть ссылку в общий чат команды.,23.09.2026,В работе,,Просрочена на 11 дн.
6,22.09.2026,Чейченец Евгений,Сбор телефона и email на странице депозитов + авторизация,"Dключить сбор контактов на странице вкладов и повесить авторизацию, договориться с банками о переходе на процесс сверки по контакту, перевести топ 5 партнеров до конца сентября",30.09.2026,В работе,,Просрочена на 4 дн.
7,22.09.2026,Рева Тарас,Результаты AB-теста согласия на рекламу в ОСАГО,Тест завершился 22.09. Собрать результаты и показать на следующей weekly.,29.09.2026,В работе,,Просрочена на 5 дн.
8,22.09.2026,Рева Тарас,Запустить досбор согласия на рекламу внутри flow ОСАГО,"Досбор согласия у тех, кто не дал его при авторизации.",03.10.2026,Перенесена,29.09: Тарас запускает досбор согласий в flow до конца недели,Просрочена на 1 дн.
9,22.09.2026,Рева Тарас,Провалидировать трафиковые показатели в LRF КАСКО,Проверить стоимость клика и остальные трафиковые предпосылки в LRF КАСКО.,29.09.2026,В работе,,Просрочена на 5 дн.
10,22.09.2026,Сахибуллина Алсу,Еженедельно: динамика новых партнёров,"На каждой weekly представить статус по привлечению новых партнеров: с кем познакомились, какие КП подготовили и пр.",29.09.2026,В работе,,Просрочена на 5 дн.
11,22.09.2026,Все лидеры,Еженедельно: прогноз месяца с объяснением отклонений,"Новый формат weekly: каждый лидер приносит прогноз месяца и объясняет, что изменилось относительно прошлого прогноза.
выделить Банки, InCap, Finist, UTBank  объёмы КАСКО. Дополнительно взять данные из отчётности ЦБ.",29.09.2026,В работе,"Доработаем отчет с Дашей, дальше расшарим на всех и сможем заполянть прогнозы там. пока работу ведем в основном отчете LRF с комментариями прогноза на встрече",Просрочена на 5 дн.
12,22.09.2026,Фатьянов Евгений,Оценить рынок КАСКО,"Пройтись по ключевым партнёрам и узнать объёмы продаж КАСКО. Total-рынок КАСКО по СК, разбить на директ-канал СК и партнёров-брокеров (InCap, Finist, Т-Банк, банки). Внутри партнёров  агентский / директ.",01.10.2026,Перенесена,"30.09: долю в рынке КАСКО пока посчитать нечем. Решили купить разовый отчёт НСИС (около 50 тыс. руб., за 2 года) и запросить детализацию полисов: риски, тип ремонта, франшиза, страховая сумма, тариф, СК. Новый срок не назван. 29.09: рыночные показатели (директ и агентский канал) для бюджета не отправлены, срок был 28.09",Просрочена на 3 дн.
13,22.09.2026,Фатьянов Евгений,Договориться с ВСК о лучших условиях,"Продажи ВСК выросли на 50% с июля (переток из Т-Банка), условия не улучшились. Идти за скидками, спецтарифами, лимитами.",06.10.2026,В работе,,В сроке
14,22.09.2026,Фатьянов Евгений,Кросс-продукты КАСКО для телемаркетинга,"Договориться с СК о добровольных кросс-продуктах, в первую очередь коробка «Угон + Тоталь» за 5–10 тыс. руб.",09.10.2026,В работе,,В сроке
15,22.09.2026,Фатьянов Евгений,Концепция предрасчётов КАСКО во всех СК и агентских кабинетах + карточка standalone КАСКО в App,После бюджетной недели: описать концепцию предрасчётов и карточку отдельного КАСКО в мобильном приложении. показать CPO. прийти ко мне к концепцией реализации,09.10.2026,В работе,,В сроке
16,22.09.2026,Чейченец Евгений,Запустить CRM-цепочки продления по депозитам и email-рассылки,"Цепочек продления сейчас нет, email-рассылок нет. Запустить и подключить сбор лидов.",09.10.2026,В работе,29.09: цепочка продления вкладов запущена на неделе 21-27.09; email-рассылки и сбор лидов ещё в работе,В сроке
17,22.09.2026,Сахибуллина Алсу,Выстроить системную работу с Admitad (антифрод и статистика),"Запросить описание процессов и алгоритмов антифрода, договориться о регулярной статистике. Сейчас реакция только на сигналы.",06.10.2026,В работе,,В сроке
18,22.09.2026,Сахибуллина Алсу,"Сбор комиссий и инструментов конкурентов (InSmart, Pampadu, Finist и др.)","Наладить регулярный мониторинг: кто сколько платит, какие инструменты даёт партнёрам. Первая версия  к сроку, дальше ежемесячно.",15.10.2026,В работе,,В сроке
19,22.09.2026,Сахибуллина Алсу,Оценка рынка партнёрки: отказной трафик по всем СК,"Отказной трафик = сайт СК + агентский кабинет. По сайту: потенциал трафика сайта СК × коэффициент CRM (зависит от мультиканальности и доли агентского канала)  нужен разрез продаж СК по каналам. По агентскому кабинету: сколько агентов у СК. Итог: оценка по каждой СК  куда идёт отказной трафик (сайт / кабинет / оба), включая СК без отказного тарифа.",09.10.2026,В работе,"30.09: отказной трафик убрали из бюджета, оставили в плане канала. 01.10: с Росстрахом обсуждали отказные ОСАГО на их биржу (задача №50).",В сроке
20,22.09.2026,Сахибуллина Алсу,Доработка P&L партнёрки: бюджет по страхованию и по продуктам отдельно,Добавить в P&L партнёрки бюджетные значения  отдельно по страхованию в целом и по каждому продукту.,09.10.2026,В работе,"30.09: в модели партнёрка 2,34 млн полисов ОСАГО, рост в API-агентах (API-агентов срезали примерно на 100 тыс.). Модель партнёрки больше не трогаем, правки к плану и обоснование в плане канала.",В сроке
21,22.09.2026,Мурадян Арам,Отдельный P&L по страхованию с бюджетными значениями (через Дашу),Попросить Дашу собрать P&L по страхованию с бюджетом. P&L витрины переделывается с командой Рудневой и Даши  до середины октября.,15.10.2026,В работе,"После бюджетного процесса, сейчас все в загрузке",В сроке
22,23.09.2026,Головкин Владислав,Создать список исключений для всех ЛПР ключевого рынка по страхованию ,отключаем по списку все ограничения на страхование по всем продуктам,15.10.2026,В работе,,В сроке
23,29.09.2026,Рева Тарас,Нужен отчет по страховым компаниям по ошибкам,"Добавить трекинг approve rate по каждой СК в отчёты. Скинуть существующий отчёт по ошибкам СК (технические / продуктовые / сегментация), собрать гипотезы по закрытым сегментам, чтобы идти к СК с контрпредложениями.",06.10.2026,В работе,,В сроке
24,29.09.2026,Все лидеры,"Вызовы рынка, ответ на них и видение 2027 для защиты бюджета","По каждому продукту: 3-5 рисков по рынку, конкурентам и поставщикам, что делаем в ответ, бизнес-цели и запросы к продукту на 2027. Всё в один файл, в общую группу на сообщение Арама.",05.10.2026,Перенесена,"30.09: стратегию показываем 05.10 в 18:00. Нужна таблица рыночных событий ОСАГО 2027 и их влияния на approve rate, take rate, КВ и трафик, плюс конкуренты (Сбер, Альфа), право и регулятор. Первые три слайда по рынку и таблицу собирает Арам, конкурентов Арам и Влад. Срок был 28.09, на 29.09 пришла только часть (Света, Алсу, Женя не сдали)",В сроке
25,29.09.2026,Мурадян Арам,Индивидуальные встречи с каждым лидером по целям Q4,"Пройтись по верхнеуровневым целям, формализовать и объявить. В аналитику добавить цель по урегулированию.",03.10.2026,В работе,,Просрочена на 1 дн.
26,29.09.2026,Рева Тарас,Недельный отчёт по партнёрке в разрезе СК,"Как по ОСАГО: недельная детализация, отдельно total и отдельно по партнёрам и СК, в одном месте.",06.10.2026,В работе,,В сроке
27,29.09.2026,Рева Тарас,Контроль на шаге заказ → оплата,"Алерты и регулярная проверка пути заказ → оплата: два бага подряд (Сбер, Альфа) замечены с лагом.",06.10.2026,В работе,Срок предложен,В сроке
28,29.09.2026,Рева Тарас,Альфа: расхождение цен в подписке ИФЛ,"Цена на сайте СК, у Яндекса и у нас должна совпадать; наценка +20% допустима только для части клиентов. Обсудить с Альфой до старта.",06.10.2026,В работе,,В сроке
29,29.09.2026,Рева Тарас,U-Money: сплит платежа между двумя СК и кэшбэк,Отдельный трек: когда U-Money научится делить платёж в одном чеке между двумя СК; договориться о кэшбэке при росте оборотов.,09.10.2026,В работе,,В сроке
30,29.09.2026,Сахибуллина Алсу,Короткий статус по итогам недели в деньгах,"Топ-3 события (Тинькофф по ипотеке, ADEX, брокер) с оценкой эффекта в деньгах.",01.10.2026,В работе,,Просрочена на 3 дн.
31,29.09.2026,Сахибуллина Алсу,"Еженедельно: замерять маржу партнёрки, не только выручку",На каждом статусе показывать маржу к плану. В 2027 рост только с сохранением или улучшением маржи.,06.10.2026,В работе,Повторяется каждый вторник,В сроке
32,29.09.2026,Сахибуллина Алсу,Направления партнёрки с фокусами на 2-3 квартала,"Список направлений (не партнёров): какие есть, на каких концентрируемся, куда бежим. К следующему weekly.",06.10.2026,В работе,,В сроке
33,29.09.2026,Сахибуллина Алсу,Уточнить у Паши статус инструмента сравнения комиссий,"Поставщики (СК) слева, что отдаём партнёрам справа, дельта; дифференцированные ставки без потери в деньгах. Задача должна быть в квартальных целях Паши.",03.10.2026,В работе,,Просрочена на 1 дн.
34,29.09.2026,Сахибуллина Алсу,Татарстан: горячая база 20 700 расчётов без выбора СК,Выйти к партнёру с расширением регионов и сегментацией лидов (золото / серебро / бронза) по нашей скоринговой модели.,09.10.2026,В работе,Срок предложен,В сроке
35,29.09.2026,Сахибуллина Алсу,Альтернатива Брокерс: лиды по КАСКО и расхождение тарифов по ипотеке,Запустить лиды по КАСКО с Альтернативой. По расхождению тарифов запросить у СОГАЗа конкретный кейс.,06.10.2026,В работе,,В сроке
36,29.09.2026,Логинова Светлана,РГС и другие СК: условия сохранения комиссии,"Сегодня-завтра поговорить с Росгосстрахом: сохранят ли комиссию при выполнении плана по другим продуктам, что хотят взамен. Дальше прогрессивная шкала комиссии со всеми СК в Q4.",06.10.2026,В работе,,В сроке
37,29.09.2026,Логинова Светлана,Переговоры с Альфой об условиях под кросс имущества к ипотеке,"Пилот показал 10% проникновения (~700 полисов в неделю). Идти с историей «готовы масштабировать, что даёте взамен»: ретро-бонус или условия.",16.10.2026,В работе,Срок предложен,В сроке
38,29.09.2026,Фатьянов Евгений,Мини-КАСКО и БПЛА: решение по продуктам,"Мини-КАСКО без риска своей вины (20-23 тыс., КВ 50%) проверить как отдельный тип продукта в выдаче. БПЛА как standalone не запускаем; попробовать как кросс через лиды.",16.10.2026,В работе,Срок предложен,В сроке
39,29.09.2026,Мурадян Арам,Задача Даше: дополнить данные по трафику,"Партнёрский и CPA-трафик (Admitad и др.) в разрезе продуктов, контроль брендового трафика.",03.10.2026,В работе,,Просрочена на 1 дн.
40,29.09.2026,Все лидеры,Цель Q4: убыточность от всех СК по каждому полису и каналу продаж,"Собрать данные об убытках от всех СК, наложить на портфель по каналам (CPA, отказной трафик и др.), разделить партнёров на плюс и минус. Цель спускается сверху вниз, владелец аналитики - Тарас.",31.12.2026,В работе,"30.09: данные по убыткам у СК собираем. У Альфы статистика неполная (из 1 200 убытков 1 000 в одной категории), нужно уточнить у Альфы. Портфель Инсмарта смотрим отдельно (задача №46).",В сроке
41,30.09.2026,Чейченец Евгений,НСЖ с «Согласием»: клиенты 50+ по регионам,Дать партнёру число клиентов 50+ с разбивкой по регионам под короткий продукт-крючок (3 месяца под 14-15%).,09.10.2026,В работе,Встреча 30.09 с «Согласием» и Max Capital. Срок: «на следующей неделе».,В сроке
42,30.09.2026,Мурадян Арам,НСЖ: экономика лидогенерации,"Сверить цену лида (ориентир 3-3,5 тыс. руб.) с предложением Max Capital. На старте оплата за переданный лид, без доли от продаж НСЖ. Договоры клиента видны в его ЛК, после конверсии повторный оффер не показываем.",09.10.2026,В работе,Срок предложен.,В сроке
43,30.09.2026,Рева Тарас,Ретро-тест антифрод-скоринга ОСАГО,"Вместе с Головкиным: на данных Q1 2026 и частоте убытков от СК проверить гипотезы скоринга, потом решить, масштабируем ли. Антифрод: обогащение MAC-адресов и домохозяйств.",31.12.2026,В работе,"Пилот Q4, цель у Тараса и Влада: один собирает убытки, другой решение. Убытки разворачиваются к 9-10 месяцу.",В сроке
44,30.09.2026,Фатьянов Евгений,Найм в КАСКО,"Набрать 3-4 человека в ноябре, чтобы к февралю они были на линии.",30.11.2026,В работе,Ответственный: предположение. Срок предложен.,В сроке
45,30.09.2026,Сахибуллина Алсу,Нецелевые партнёры на лапс,Перевести нецелевых партнёров на лапс.,16.10.2026,В работе,Срок предложен.,В сроке
46,30.09.2026,Сахибуллина Алсу,Инсмарт отдельно от B2C Сравни,Собрать убыточные полисы Инсмарта и договориться с СК об отдельных условиях для Инсмарта и для B2C. Делаем только если это выгодно Сравни.,31.10.2026,В работе,Ответственный: предположение. Срок предложен.,В сроке
47,30.09.2026,Мурадян Арам,Сбер и Альфа: планы на 2027,"Узнать планы маркетплейса Сбера (ТВ, каналы) и Альфы для блока угроз в стратегии.",05.10.2026,В работе,Нужно к защите 05.10.,В сроке
48,30.09.2026,Мурадян Арам,ВСК: кросс с пулом по ОСАГО,"Сначала добровольный кросс, потом обязательный с пулом. Ретро-бонус за проникновение 2+ продуктов. Ускорить подключение ВЗР. Дать консервативный объём 2027 под бюджет ВСК.",06.10.2026,В работе,"Встреча с Леной 01.10, итоги внести. Срок предложен.",В сроке
49,30.09.2026,Мурадян Арам,Метрика ФОТ на рубль выручки,Разработать методологию и ввести метрику по каждой команде.,31.10.2026,В работе,Срок предложен.,В сроке
50,01.10.2026,Мурадян Арам,Росстрах: следующая встреча с Головкиным,"Встреча втроём: техцентры против автоюристов (заявление по ОСАГО напрямую в СК), отказные ОСАГО на биржу партнёра, изменения в полисах через аккаунт без API. Передать контакты по техосмотру (Яндекс, Делимобиль).",15.10.2026,В работе,"Встреча 01.10, договорились через 1-2 недели. Связано с №19 и урегулированием ОСАГО.",В сроке
51,30.09.2026,Все лидеры,Ревью прогнозных оценок сотрудников,"Пересмотреть прогнозные оценки на следующий год: по умолчанию C, меньше C+, не меньше 15% D.",30.11.2026,В работе,"Срок не назван, предложен вместе с оценкой по фреймворку CEO.",В сроке
